{
  "model_type": "xgboost",
  "baseline": {
    "top1_accuracy": 0.9264,
    "top3_accuracy": 1.0,
    "total_samples": 2200
  },
  "test_metrics": {
    "top1_accuracy": 0.7285,
    "top3_accuracy": 0.9521,
    "classification_report": {
      "0": {
        "precision": 1.0,
        "recall": 1.0,
        "f1-score": 1.0,
        "support": 39.0
      },
      "1": {
        "precision": 0.8076923076923077,
        "recall": 0.9545454545454546,
        "f1-score": 0.875,
        "support": 22.0
      },
      "3": {
        "precision": 0.021739130434782608,
        "recall": 1.0,
        "f1-score": 0.0425531914893617,
        "support": 1.0
      },
      "4": {
        "precision": 0.5454545454545454,
        "recall": 0.8571428571428571,
        "f1-score": 0.6666666666666666,
        "support": 14.0
      },
      "6": {
        "precision": 1.0,
        "recall": 1.0,
        "f1-score": 1.0,
        "support": 4.0
      },
      "7": {
        "precision": 1.0,
        "recall": 1.0,
        "f1-score": 1.0,
        "support": 20.0
      },
      "8": {
        "precision": 0.34782608695652173,
        "recall": 1.0,
        "f1-score": 0.5161290322580645,
        "support": 8.0
      },
      "9": {
        "precision": 0.0,
        "recall": 0.0,
        "f1-score": 0.0,
        "support": 98.0
      },
      "10": {
        "precision": 0.5,
        "recall": 1.0,
        "f1-score": 0.6666666666666666,
        "support": 1.0
      },
      "11": {
        "precision": 0.8333333333333334,
        "recall": 1.0,
        "f1-score": 0.9090909090909091,
        "support": 5.0
      },
      "13": {
        "precision": 0.5,
        "recall": 1.0,
        "f1-score": 0.6666666666666666,
        "support": 1.0
      },
      "14": {
        "precision": 1.0,
        "recall": 0.975,
        "f1-score": 0.9873417721518988,
        "support": 40.0
      },
      "15": {
        "precision": 0.9787234042553191,
        "recall": 0.9787234042553191,
        "f1-score": 0.9787234042553191,
        "support": 47.0
      },
      "16": {
        "precision": 1.0,
        "recall": 1.0,
        "f1-score": 1.0,
        "support": 7.0
      },
      "17": {
        "precision": 1.0,
        "recall": 0.6774193548387096,
        "f1-score": 0.8076923076923077,
        "support": 93.0
      },
      "18": {
        "precision": 0.01818181818181818,
        "recall": 1.0,
        "f1-score": 0.03571428571428571,
        "support": 1.0
      },
      "19": {
        "precision": 0.95,
        "recall": 0.95,
        "f1-score": 0.95,
        "support": 40.0
      },
      "20": {
        "precision": 1.0,
        "recall": 1.0,
        "f1-score": 1.0,
        "support": 2.0
      },
      "21": {
        "precision": 0.9827586206896551,
        "recall": 0.9827586206896551,
        "f1-score": 0.9827586206896551,
        "support": 58.0
      },
      "accuracy": 0.7285429141716567,
      "macro avg": {
        "precision": 0.7097741708946463,
        "recall": 0.9145047206037892,
        "f1-score": 0.7413159749127264,
        "support": 501.0
      },
      "weighted avg": {
        "precision": 0.757275031370319,
        "recall": 0.7285429141716567,
        "f1-score": 0.731094763370958,
        "support": 501.0
      }
    },
    "confusion_matrix": [
      [
        39,
        0,
        0,
        0,
        0,
        0,
        0,
        0,
        0,
        0,
        0,
        0,
        0,
        0,
        0,
        0,
        0,
        0,
        0
      ],
      [
        0,
        21,
        0,
        0,
        0,
        0,
        0,
        0,
        0,
        1,
        0,
        0,
        0,
        0,
        0,
        0,
        0,
        0,
        0
      ],
      [
        0,
        0,
        1,
        0,
        0,
        0,
        0,
        0,
        0,
        0,
        0,
        0,
        0,
        0,
        0,
        0,
        0,
        0,
        0
      ],
      [
        0,
        0,
        0,
        12,
        0,
        0,
        0,
        0,
        0,
        0,
        0,
        0,
        0,
        0,
        0,
        0,
        2,
        0,
        0
      ],
      [
        0,
        0,
        0,
        0,
        4,
        0,
        0,
        0,
        0,
        0,
        0,
        0,
        0,
        0,
        0,
        0,
        0,
        0,
        0
      ],
      [
        0,
        0,
        0,
        0,
        0,
        20,
        0,
        0,
        0,
        0,
        0,
        0,
        0,
        0,
        0,
        0,
        0,
        0,
        0
      ],
      [
        0,
        0,
        0,
        0,
        0,
        0,
        8,
        0,
        0,
        0,
        0,
        0,
        0,
        0,
        0,
        0,
        0,
        0,
        0
      ],
      [
        0,
        0,
        45,
        0,
        0,
        0,
        0,
        0,
        1,
        0,
        0,
        0,
        0,
        0,
        0,
        52,
        0,
        0,
        0
      ],
      [
        0,
        0,
        0,
        0,
        0,
        0,
        0,
        0,
        1,
        0,
        0,
        0,
        0,
        0,
        0,
        0,
        0,
        0,
        0
      ],
      [
        0,
        0,
        0,
        0,
        0,
        0,
        0,
        0,
        0,
        5,
        0,
        0,
        0,
        0,
        0,
        0,
        0,
        0,
        0
      ],
      [
        0,
        0,
        0,
        0,
        0,
        0,
        0,
        0,
        0,
        0,
        1,
        0,
        0,
        0,
        0,
        0,
        0,
        0,
        0
      ],
      [
        0,
        0,
        0,
        0,
        0,
        0,
        0,
        0,
        0,
        0,
        1,
        39,
        0,
        0,
        0,
        0,
        0,
        0,
        0
      ],
      [
        0,
        0,
        0,
        0,
        0,
        0,
        0,
        0,
        0,
        0,
        0,
        0,
        46,
        0,
        0,
        0,
        0,
        0,
        1
      ],
      [
        0,
        0,
        0,
        0,
        0,
        0,
        0,
        0,
        0,
        0,
        0,
        0,
        0,
        7,
        0,
        0,
        0,
        0,
        0
      ],
      [
        0,
        5,
        0,
        8,
        0,
        0,
        15,
        0,
        0,
        0,
        0,
        0,
        0,
        0,
        63,
        2,
        0,
        0,
        0
      ],
      [
        0,
        0,
        0,
        0,
        0,
        0,
        0,
        0,
        0,
        0,
        0,
        0,
        0,
        0,
        0,
        1,
        0,
        0,
        0
      ],
      [
        0,
        0,
        0,
        2,
        0,
        0,
        0,
        0,
        0,
        0,
        0,
        0,
        0,
        0,
        0,
        0,
        38,
        0,
        0
      ],
      [
        0,
        0,
        0,
        0,
        0,
        0,
        0,
        0,
        0,
        0,
        0,
        0,
        0,
        0,
        0,
        0,
        0,
        2,
        0
      ],
      [
        0,
        0,
        0,
        0,
        0,
        0,
        0,
        0,
        0,
        0,
        0,
        0,
        1,
        0,
        0,
        0,
        0,
        0,
        57
      ]
    ]
  },
  "yield_metrics": {
    "overall_mae": 2871.91,
    "per_crop_mae": {
      "apple": 599.44,
      "banana": 3401.47,
      "chickpea": 264.83,
      "coconut": 73.92,
      "cotton": 365.86,
      "grapes": 545.31,
      "jute": 2401.76,
      "kidneybeans": 166.74,
      "lentil": 133.23,
      "maize": 263.8,
      "mothbeans": 335.44,
      "mungbean": 109.27,